,Detector Distortion (25 Bilder),Experiment 6 Lenses 200 (21 Bildpaare),Experiment 6 Lenses 500 (11 Bildpaare),Experiment 6 Lenses 1500 (14 Bildpaare),Lenses Set 1 (10 Bildpaare),Lenses Set 2 (5 Bildpaare),Lenses Set 3 (1 Bildpaar),Lenses Set 3 (2 Bildpaare)
12,0.0,18.673812884368573,18.14701949464727,26.181828025401423,131.163303465768,136.57370723723602,217.86237483028,161.10426416394
