,Detector Distortion (25 Bilder),Experiment 6 Lenses 200 (21 Bildpaare),Experiment 6 Lenses 500 (11 Bildpaare),Experiment 6 Lenses 1500 (14 Bildpaare),Lenses Set 1 (10 Bildpaare),Lenses Set 2 (5 Bildpaare),Lenses Set 3 (1 Bildpaar),Lenses Set 3 (2 Bildpaare)
12,0,392.15007057174,199.61721444111998,366.54559235561993,1311.63303465768,682.8685361861801,217.86237483028,322.20852832788
