,Total,Startup,File IO,Loop,Correction,crossSpot4,frankot_chellappa,crossSpot4 translation,crossSpot4 match,crossSpot4 interpolation,crossSpot4 second pass,crossSpot4 error correction
Detector Distortion (25 Bilder),2473.8007197859997,0.16613259316,21.941130638119997,2446.5808994299996,1.5090509891400001,2443.9765597819996,0,109.62062802317999,163.4219150064,1482.3742651460002,674.4687383649801,13.810944986360001
Experiment 6 Lenses 200 (21 Bildpaare),3138.3469689860003,0.06305603981999999,43.00827355384,3138.283876896,0.56185278892,3043.646741202,37.02899169922,21.58825273514,39.42616209984,28.752171134959998,736.20277991294,2217.6693385121202
Experiment 6 Lenses 500 (11 Bildpaare),1608.1475477239999,0.062028551099999996,22.64707822798,1608.0854969039997,0.30894999506000004,1558.370925616,19.35306582452,11.418030214320002,20.593327331559998,15.303798627840001,385.43156490328,1125.6199833880999
Experiment 6 Lenses 1500 (14 Bildpaare),2045.8684473499998,0.06263260842,28.959510231000003,2045.80578704,0.39349384308,1982.3257243140001,24.663719224940003,14.689320373520001,26.16891255378,19.52841835024,494.12190599444,1427.8118492133801
Lenses Set 1 (10 Bildpaare),1612.5517560500002,0.0579358101,124.0556288718,1612.49379964,0.30438666344,1012.8569984441999,462.81449284560006,0.22784247402,4.88285126688,121.31237511639999,850.0755077363201,36.26625809668
Lenses Set 2 (5 Bildpaare),789.6850970268,0.058406829820000006,62.378399991980004,789.6266758917999,0.1664996624,489.9270153998,230.94628973,0.11370534896000001,2.4412258625200005,60.164958477019994,422.49817094793997,4.657575702659999
Lenses Set 3 (1 Bildpaar),265.0483948232,0.0568072319,12.22556328772,264.99158139220003,0.052968406679999996,205.0506280424,46.33124842644,0.0263874054,0.47389903068,11.97964277268,84.80111341475998,107.75890040408
Lenses Set 3 (2 Bildpaare),440.652760553,0.055706739420000005,24.8064234257,440.5970460416,0.08012180326,320.49474444400005,92.51860609054,0.05209908486,0.961258173,23.587109375,169.34561066632,126.52653889622
