,Total,Startup,File IO,Loop,Correction,crossSpot4,frankot_chellappa,crossSpot4 translation,crossSpot4 match,crossSpot4 interpolation,crossSpot4 second pass,crossSpot4 error correction
Detector Distortion (25 Bilder),3873.569149256,0.1740087986,21.922390222539995,3846.609692954,1.29437961576,3844.3579774380005,0,105.82750954613999,162.04260234859998,1488.922153378,2074.12297425376,13.23198251724
Experiment 6 Lenses 200 (21 Bildpaare),4977.3863417600005,0.0642697811,43.45690088274,4977.322037648,0.56033396724,4882.1170838339995,36.95842957498,21.47881817822,39.16731863024,27.532962656019997,2600.69515738794,2193.23556981128
Experiment 6 Lenses 500 (11 Bildpaare),2589.3176910419998,0.059703874600000005,24.05509238244,2589.257966042,0.30522170066,2538.0884915340002,19.349760675459997,11.35515899656,20.538065099740002,14.680725574479998,1367.59036140542,1123.9207078942402
Experiment 6 Lenses 1500 (14 Bildpaare),3331.2298453800004,0.06349282264,29.204438972459997,3331.1663204640004,0.37580142019999996,3267.5332666860004,24.643150138840003,14.80306653978,26.146253108960003,18.934297180199998,1768.3269143078999,1439.3181466104002
Lenses Set 1 (10 Bildpaare),3961.017904518,0.06304583548,122.580608797,3960.954838658,0.29107289311999995,3362.615931224,463.22212138180004,0.21868276596,4.86441912652,118.76005020160001,3203.08454232144,35.601501369459996
Lenses Set 2 (5 Bildpaare),1966.6178674219998,0.06171798704,61.34126901628,1966.5561378959999,0.16158051492,1667.553782368,231.3104682922,0.11325435636,2.41528286934,58.509064340580004,1601.8627624012,4.6053099155199995
Lenses Set 3 (1 Bildpaar),488.8959440230001,0.0545249462,11.982079029080001,488.8414127827999,0.05259037018,429.25292696939994,46.23741698266,0.02519659994,0.47241277694,11.89782829284,312.69414319996,104.154023552
Lenses Set 3 (2 Bildpaare),909.0893706322,0.053809356679999996,24.43143715856,909.0355533598001,0.0801419258,789.3379241466,92.55041584968,0.04701828954,0.9585111618,23.36425862312,637.82845096596,127.12038893677997
