,Total,Startup,File IO,Loop,Correction,crossSpot4,frankot_chellappa,crossSpot4 translation,crossSpot4 match,crossSpot4 interpolation,crossSpot4 second pass,crossSpot4 error correction
Detector Distortion (25 Bilder),2402.641240216,0.16878776550000002,22.02053194046,2375.4527377120003,1.4988204002,2372.906215714,0,111.11209411594,163.20204992299998,1501.6604212759999,582.91137828818,13.76694025992
Experiment 6 Lenses 200 (21 Bildpaare),3005.254231406,0.06313891412,42.89080429076,3005.191052962,0.5639180660800001,2910.62506118,36.95241599084,21.40364017486,39.17463121414001,28.129734134659998,628.51407332396,2193.3949736604404
Experiment 6 Lenses 500 (11 Bildpaare),1560.0618160239999,0.060192632680000004,22.49530644416,1560.001601028,0.30911369322,1510.478282546,19.368310308479998,11.412914752979999,20.51053910256,15.392929697060001,331.95049543372,1131.20712079908
Experiment 6 Lenses 1500 (14 Bildpaare),1957.031650734,0.06200437548,28.6446639538,1956.9696156960003,0.38134913444,1893.85723405,24.6558610916,14.527181196219999,26.12361125946,19.007784605020003,422.23099746692003,1411.96175169906
Lenses Set 1 (10 Bildpaare),1464.09611416,0.06154904365999999,125.634471798,1464.0345440380001,0.30001320838,863.1648584842,462.52973227499996,0.23023552892,4.911584854119999,118.49557938580001,703.16724691386,36.264254188539994
Lenses Set 2 (5 Bildpaare),715.8496147634,0.0597735405,62.68506293296,715.7898291588001,0.16750884056,415.6105413436,231.09794278159998,0.11314225198,2.4458389282399997,59.20659694671999,349.10293645858,4.69094567298
Lenses Set 3 (1 Bildpaar),246.4169322492,0.05343351364,12.336013793940001,246.36348543179997,0.05121355056,186.430873394,46.2244113922,0.02565999032,0.4727743149,11.85737309456,68.30287036894002,105.76376538288001
Lenses Set 3 (2 Bildpaare),410.27379603379995,0.05522899628,24.46592583656,410.21855773920004,0.078935194,290.7735648154,92.24463758468,0.05087423324,0.9506908416600002,23.170640754699996,139.09612741472,127.48272600156001
