,Experiment 6 Lenses 200 (21 Bildpaare),Experiment 6 Lenses 500 (11 Bildpaare),Experiment 6 Lenses 1500 (14 Bildpaare),Lenses Set 1 (10 Bildpaare),Lenses Set 2 (5 Bildpaare),Lenses Set 3 (1 Bildpaar),Lenses Set 3 (2 Bildpaare)
12,4.03314679505509,3.9096271568397,4.10292537930531,1.50149420301642,1.49684821791976,1.2721289666884,1.39302756663376
