,Total,Startup,File IO,Loop,Correction,crossSpot4,frankot_chellappa,crossSpot4 translation,crossSpot4 match,crossSpot4 interpolation,crossSpot4 second pass,crossSpot4 error correction
Detector Distortion (25 Bilder),8463.9643326,6.992291200000001,21.2390992,8430.5918546,1.0603925999999997,8428.8411342,0,105.98617920000001,161.5909514,1429.2527452,6719.617346399999,12.153196800000002
Experiment 6 Lenses 200 (21 Bildpaare),11564.5057586,0.060643800000000005,41.6097094,11564.445079000001,0.4149551999999999,11471.869271,36.697664599999996,21.538507399999997,39.246482400000005,26.626122,9186.7420302,2197.7099531999997
Experiment 6 Lenses 500 (11 Bildpaare),6121.6043706,0.060767400000000006,21.7737396,6121.5435782,0.24389859999999997,6072.9965996,19.2604246,11.4122744,20.6000978,13.9584622,4886.9414874,1140.0805535999998
Experiment 6 Lenses 1500 (14 Bildpaare),7733.618778599999,0.0602716,27.769314400000003,7733.558481800001,0.28858360000000005,7671.7696565999995,24.524300800000002,14.6699294,26.046538399999996,17.4430146,6188.891172400001,1424.714895
Lenses Set 1 (10 Bildpaare),10907.6721688,0.0573862,119.7999926,10907.6147628,0.24302700000000002,10313.274829599999,462.2233748,0.21917539999999996,4.8170754,115.83526979999999,10156.9962548,35.331866600000005
Lenses Set 2 (5 Bildpaare),5441.6311962,0.057087399999999996,60.272418,5441.574096599999,0.14430220000000002,5144.506645399999,230.50688179999997,0.1103534,2.4048876,59.156453,5078.2669164,4.5289354
Lenses Set 3 (1 Bildpaare),1179.6328079999998,0.053321999999999994,12.706814000000001,1179.5794796,0.0512682,1119.3265017999997,46.192497599999996,0.024384,0.4771402,11.724547400000002,1002.5406354,104.553283
Lenses Set 3 (2 Bildpaare),2276.2996092,0.053715599999999995,24.0739924,2276.2458858,0.08151219999999999,2157.1210963999997,92.42013640000002,0.04528959999999999,0.9496193999999999,22.293718199999997,2008.8788716,124.93691639999999
