,Experiment 6 Lenses 200 (21 Bildpaare),Experiment 6 Lenses 500 (11 Bildpaare),Experiment 6 Lenses 1500 (14 Bildpaare),Lenses Set 1 (10 Bildpaare),Lenses Set 2 (5 Bildpaare),Lenses Set 3 (1 Bildpaar),Lenses Set 3 (2 Bildpaare)
12,0.995125175365341,0.99698383198748,1.00332845843176,1.00496710614242,1.00447660361228,1.00018701334172,0.999594759591794
