,Experiment 6 Lenses 200 (21 Bildpaare),Experiment 6 Lenses 500 (11 Bildpaare),Experiment 6 Lenses 1500 (14 Bildpaare),Lenses Set 1 (10 Bildpaare),Lenses Set 2 (5 Bildpaare),Lenses Set 3 (1 Bildpaar),Lenses Set 3 (2 Bildpaare)
12,1.00496851847729,1.00006424653997,1.0110913028192,0.993670151540965,1.02790379171622,0.997052673365593,1.01911371364358
